MovieID,Genre
tt10648342,Action
tt1190634,Action
tt11743610,Action
tt1312171,Action
tt1745960,Action
tt5645432,Action
tt9419884,Action
tt10857164,Action
tt8041270,Action
tt8466564,Action
tt13406136,Action
tt0944947,Action
tt12327578,Action
tt0092099,Action
tt11671006,Action
tt6710474,Action
tt9783600,Action
tt0116629,Action
tt10298810,Action
tt9263550,Action
tt1877830,Action
tt11138512,Action
tt7631058,Action
tt11291274,Action
tt3501632,Action
tt5348176,Action
tt0364845,Action
tt10872600,Action
tt8111088,Action
tt4123432,Action
tt9561862,Action
tt3107288,Action
tt13320622,Action
tt2382320,Action
tt2306299,Action
tt1447981,Action
tt5108870,Action
tt1649418,Action
tt8178634,Action
tt9851854,Action
tt10234724,Action
tt4179452,Action
tt0107290,Action
tt9288030,Action
tt2560140,Action
tt0800369,Action
tt1464335,Action
tt2934286,Action
tt2017109,Action
tt1160419,Action
tt6468322,Action
tt4154796,Action
tt13696452,Action
tt17736234,Action
tt2261391,Action
tt0458290,Action
tt9032400,Action
tt2274648,Action
tt0388629,Action
tt2231253,Action
tt4998632,Action
tt5180504,Action
tt0076759,Action
tt5171438,Action
tt12412888,Action
tt11000902,Action
tt11192306,Action
tt1375666,Action
tt0468569,Action
tt6264654,Action
tt1981115,Action
tt13668894,Action
tt13622958,Action
tt9140560,Action
tt6741278,Action
tt10293938,Action
tt0118276,Action
tt1345836,Action
tt9179430,Action
tt1628841,Action
tt1043813,Action
tt5057054,Action
tt7949218,Action
tt14174940,Action
tt0369610,Action
tt4881806,Action
tt0120915,Action
tt0083190,Action
tt10323676,Action
tt0060028,Action
tt0499549,Action
tt11126994,Action
tt0092455,Action
tt10648342,Adventure
tt1312171,Adventure
tt5113044,Adventure
tt9419884,Adventure
tt10857164,Adventure
tt8041270,Adventure
tt8466564,Adventure
tt6467266,Adventure
tt0944947,Adventure
tt12327578,Adventure
tt6710474,Adventure
tt8115900,Adventure
tt11671006,Adventure
tt5691552,Adventure
tt0116629,Adventure
tt10298810,Adventure
tt11138512,Adventure
tt3501632,Adventure
tt9288046,Adventure
tt10872600,Adventure
tt8111088,Adventure
tt4123432,Adventure
tt9561862,Adventure
tt3107288,Adventure
tt13320622,Adventure
tt1447981,Adventure
tt2382320,Adventure
tt2306299,Adventure
tt5108870,Adventure
tt0436992,Adventure
tt10234724,Adventure
tt0107290,Adventure
tt0411008,Adventure
tt2560140,Adventure
tt0800369,Adventure
tt1464335,Adventure
tt2293640,Adventure
tt2934286,Adventure
tt1160419,Adventure
tt4513678,Adventure
tt0073195,Adventure
tt4154796,Adventure
tt17736234,Adventure
tt2861424,Adventure
tt8103070,Adventure
tt0458290,Adventure
tt9032400,Adventure
tt0388629,Adventure
tt2274648,Adventure
tt5180504,Adventure
tt1323594,Adventure
tt0076759,Adventure
tt5171438,Adventure
tt12412888,Adventure
tt0089218,Adventure
tt11000902,Adventure
tt11192306,Adventure
tt1375666,Adventure
tt6264654,Adventure
tt1981115,Adventure
tt13668894,Adventure
tt13622958,Adventure
tt6741278,Adventure
tt0816692,Adventure
tt1628841,Adventure
tt0241527,Adventure
tt1043813,Adventure
tt14174940,Adventure
tt0369610,Adventure
tt13361448,Adventure
tt4881806,Adventure
tt3892172,Adventure
tt0120915,Adventure
tt0060028,Adventure
tt0499549,Adventure
tt11126994,Adventure
tt0092455,Adventure
tt1211837,Adventure
tt4154756,Adventure
tt9140554,Adventure
tt2527338,Adventure
tt0325980,Adventure
tt0088763,Adventure
tt0120737,Adventure
tt0319343,Adventure
tt5834426,Adventure
tt3513500,Adventure
tt7466810,Adventure
tt9335498,Adventure
tt2463208,Adventure
tt14849626,Adventure
tt5113044,Animation
tt6467266,Animation
tt8115900,Animation
tt10298810,Animation
tt9561862,Animation
tt2560140,Animation
tt9288046,Animation
tt2293640,Animation
tt17736234,Animation
tt2861424,Animation
tt0458290,Animation
tt0182576,Animation
tt0096697,Animation
tt0388629,Animation
tt1323594,Animation
tt18815410,Animation
tt14145426,Animation
tt13622958,Animation
tt6741278,Animation
tt15090124,Animation
tt11126994,Animation
tt13706018,Animation
tt2953050,Animation
tt3470600,Animation
tt0121955,Animation
tt3513500,Animation
tt9335498,Animation
tt3398228,Animation
tt1561755,Animation
tt8097030,Animation
tt14614892,Animation
tt4428398,Animation
tt3469046,Animation
tt0417299,Animation
tt16350094,Animation
tt1690953,Animation
tt7658402,Animation
tt2930604,Animation
tt15339456,Animation
tt1486217,Animation
tt4633694,Animation
tt2245084,Animation
tt1865718,Animation
tt10168312,Animation
tt0988824,Animation
tt0149460,Animation
tt2098220,Animation
tt3521164,Animation
tt2580046,Animation
tt0114709,Animation
tt0110357,Animation
tt5626028,Animation
tt0877057,Animation
tt0397306,Animation
tt0206512,Animation
tt0245429,Animation
tt8050756,Animation
tt0317219,Animation
tt0118375,Animation
tt7678620,Animation
tt0409591,Animation
tt1305826,Animation
tt12343534,Animation
tt0382932,Animation
tt9522300,Animation
tt10233448,Animation
tt2948356,Animation
tt0103775,Animation
tt11247158,Animation
tt0434665,Animation
tt1979376,Animation
tt12708542,Animation
tt1355642,Animation
tt12642764,Animation
tt12801262,Animation
tt2359704,Animation
tt2294629,Animation
tt4508902,Animation
tt0266543,Animation
tt6105098,Animation
tt0198781,Animation
tt6524350,Animation
tt0317705,Animation
tt8910922,Animation
tt5109280,Animation
tt0119282,Animation
tt0398286,Animation
tt6517102,Animation
tt7466442,Animation
tt0347149,Animation
tt2948372,Animation
tt2096673,Animation
tt1710308,Animation
tt1700841,Animation
tt0126029,Animation
tt2380307,Animation
tt10648342,Comedy
tt1312171,Comedy
tt5113044,Comedy
tt12851524,Comedy
tt10857164,Comedy
tt6467266,Comedy
tt6710474,Comedy
tt8115900,Comedy
tt5691552,Comedy
tt8009428,Comedy
tt0386676,Comedy
tt13944138,Comedy
tt13640670,Comedy
tt11291274,Comedy
tt3501632,Comedy
tt5348176,Comedy
tt9288046,Comedy
tt14271498,Comedy
tt0108778,Comedy
tt10986410,Comedy
tt9561862,Comedy
tt7131622,Comedy
tt1586680,Comedy
tt1442437,Comedy
tt13320622,Comedy
tt0898266,Comedy
tt0098904,Comedy
tt1632701,Comedy
tt0302886,Comedy
tt5555260,Comedy
tt13249596,Comedy
tt13352968,Comedy
tt2293640,Comedy
tt4513678,Comedy
tt0472954,Comedy
tt0460627,Comedy
tt7908628,Comedy
tt17736234,Comedy
tt13649314,Comedy
tt2467372,Comedy
tt2861424,Comedy
tt1219024,Comedy
tt11815682,Comedy
tt0460649,Comedy
tt7767422,Comedy
tt0182576,Comedy
tt4288182,Comedy
tt10720914,Comedy
tt13449624,Comedy
tt0096697,Comedy
tt1439629,Comedy
tt0388629,Comedy
tt0993846,Comedy
tt1323594,Comedy
tt14376344,Comedy
tt12412888,Comedy
tt7569576,Comedy
tt8323668,Comedy
tt15521050,Comedy
tt0089218,Comedy
tt4181158,Comedy
tt11000902,Comedy
tt3526078,Comedy
tt6226232,Comedy
tt0362359,Comedy
tt6264654,Comedy
tt0238784,Comedy
tt14145426,Comedy
tt13622958,Comedy
tt9140560,Comedy
tt12545566,Comedy
tt1266020,Comedy
tt13861620,Comedy
tt14097144,Comedy
tt0369179,Comedy
tt0377092,Comedy
tt0083929,Comedy
tt11271038,Comedy
tt1888075,Comedy
tt1826940,Comedy
tt0467406,Comedy
tt10839422,Comedy
tt13706018,Comedy
tt10370710,Comedy
tt2953050,Comedy
tt3470600,Comedy
tt0108037,Comedy
tt0121955,Comedy
tt0264235,Comedy
tt13270424,Comedy
tt7221388,Comedy
tt0367279,Comedy
tt5788792,Comedy
tt8367814,Comedy
tt1327801,Comedy
tt0107120,Comedy
tt0106004,Comedy
tt10366460,Comedy
tt15176890,Comedy
tt0159206,Comedy
tt0415463,Comedy
tt0088763,Comedy
tt10223460,Comedy
tt0319343,Comedy
tt2372162,Comedy
tt11286314,Comedy
tt3513500,Comedy
tt7466810,Comedy
tt3532216,Comedy
tt11828492,Comedy
tt4477976,Comedy
tt0105958,Comedy
tt2463208,Comedy
tt6334354,Comedy
tt2015381,Comedy
tt3609352,Comedy
tt11394332,Comedy
tt0285403,Comedy
tt3398228,Comedy
tt1561755,Comedy
tt14866710,Comedy
tt2584384,Comedy
tt8946378,Comedy
tt6751668,Comedy
tt8097030,Comedy
tt5315212,Comedy
tt12439466,Comedy
tt0491738,Comedy
tt0106677,Comedy
tt0212671,Comedy
tt0265208,Comedy
tt11646832,Comedy
tt4428398,Comedy
tt9686708,Comedy
tt13146488,Comedy
tt3469046,Comedy
tt12879632,Comedy
tt0088128,Comedy
tt16350094,Comedy
tt8847712,Comedy
tt0068098,Comedy
tt10151854,Comedy
tt7926352,Comedy
tt7732286,Comedy
tt7516548,Comedy
tt1190634,Crime
tt5113044,Crime
tt12851524,Crime
tt10857164,Crime
tt2442560,Crime
tt3032476,Crime
tt4301160,Crime
tt8115900,Crime
tt0903747,Crime
tt0068646,Crime
tt9783600,Crime
tt1877830,Crime
tt15017118,Crime
tt5071412,Crime
tt0141842,Crime
tt11214590,Crime
tt5574490,Crime
tt13994572,Crime
tt11291274,Crime
tt5348176,Crime
tt13833978,Crime
tt0364845,Crime
tt21059520,Crime
tt11324406,Crime
tt1998372,Crime
tt0203259,Crime
tt0452046,Crime
tt2741602,Crime
tt0306414,Crime
tt4052886,Crime
tt2356777,Crime
tt9288030,Crime
tt2701582,Crime
tt7657566,Crime
tt2293640,Crime
tt0118401,Crime
tt2017109,Crime
tt6468322,Crime
tt0460627,Crime
tt9055008,Crime
tt13696452,Crime
tt0099685,Crime
tt2467372,Crime
tt1219024,Crime
tt5753856,Crime
tt14192504,Crime
tt2802850,Crime
tt10720914,Crime
tt0106179,Crime
tt1595859,Crime
tt2231253,Crime
tt0993846,Crime
tt4998632,Crime
tt9340526,Crime
tt1124373,Crime
tt1323594,Crime
tt0468569,Crime
tt3502248,Crime
tt0134119,Crime
tt5420376,Crime
tt7587890,Crime
tt1196946,Crime
tt0098844,Crime
tt10293938,Crime
tt0071562,Crime
tt14773642,Crime
tt7698468,Crime
tt0144084,Crime
tt1043813,Crime
tt1475582,Crime
tt0773262,Crime
tt1888075,Crime
tt0114369,Crime
tt14168162,Crime
tt0110912,Crime
tt0083190,Crime
tt4158110,Crime
tt3322312,Crime
tt0455275,Crime
tt1600194,Crime
tt2805096,Crime
tt13729648,Crime
tt8367814,Crime
tt12005828,Crime
tt16343844,Crime
tt7335184,Crime
tt2372162,Crime
tt3532216,Crime
tt11794642,Crime
tt3569230,Crime
tt7846844,Crime
tt2887954,Crime
tt9170236,Crime
tt11394332,Crime
tt5715524,Crime
tt0113277,Crime
tt2953250,Crime
tt14463552,Crime
tt21059520,Documentary
tt20256528,Documentary
tt20255706,Documentary
tt20560404,Documentary
tt18924506,Documentary
tt4803766,Documentary
tt0388644,Documentary
tt20782578,Documentary
tt5491994,Documentary
tt20602042,Documentary
tt13891702,Documentary
tt10324164,Documentary
tt10541088,Documentary
tt11466222,Documentary
tt10098498,Documentary
tt2297757,Documentary
tt8420184,Documentary
tt3713222,Documentary
tt8289930,Documentary
tt21064272,Documentary
tt16227014,Documentary
tt19704638,Documentary
tt19387554,Documentary
tt8595016,Documentary
tt9735318,Documentary
tt11426660,Documentary
tt19637852,Documentary
tt18258584,Documentary
tt17070410,Documentary
tt7752034,Documentary
tt6233538,Documentary
tt1319900,Documentary
tt15185666,Documentary
tt2395695,Documentary
tt15721828,Documentary
tt14992922,Documentary
tt9098872,Documentary
tt0383126,Documentary
tt1643266,Documentary
tt20560384,Documentary
tt0446809,Documentary
tt4382552,Documentary
tt19315924,Documentary
tt0386950,Documentary
tt3455408,Documentary
tt17497942,Documentary
tt10393098,Documentary
tt11337862,Documentary
tt11904786,Documentary
tt20833542,Documentary
tt5189670,Documentary
tt13913326,Documentary
tt12502288,Documentary
tt0071075,Documentary
tt11790780,Documentary
tt7775622,Documentary
tt16377356,Documentary
tt7600742,Documentary
tt8430054,Documentary
tt0923752,Documentary
tt0322802,Documentary
tt0795176,Documentary
tt1877514,Documentary
tt11464826,Documentary
tt21062540,Documentary
tt0103396,Documentary
tt17041964,Documentary
tt12888462,Documentary
tt7768848,Documentary
tt19895946,Documentary
tt0285063,Documentary
tt10539484,Documentary
tt1934673,Documentary
tt10801534,Documentary
tt1408430,Documentary
tt14731254,Documentary
tt19037550,Documentary
tt9244578,Documentary
tt14073254,Documentary
tt16116174,Documentary
tt0354772,Documentary
tt12330446,Documentary
tt14512538,Documentary
tt17003316,Documentary
tt11318602,Documentary
tt20723672,Documentary
tt0462707,Documentary
tt10098248,Documentary
tt4189570,Documentary
tt14094206,Documentary
tt3444312,Documentary
tt20447020,Documentary
tt11595618,Documentary
tt20420316,Documentary
tt0109508,Documentary
tt14030682,Documentary
tt18970124,Documentary
tt11852724,Documentary
tt16986646,Documentary
tt19757508,Documentary
tt1190634,Drama
tt4574334,Drama
tt11743610,Drama
tt1312171,Drama
tt3704428,Drama
tt1745960,Drama
tt0475784,Drama
tt5645432,Drama
tt10857164,Drama
tt14452776,Drama
tt3032476,Drama
tt12851524,Drama
tt2442560,Drama
tt13406136,Drama
tt0944947,Drama
tt0092099,Drama
tt14016500,Drama
tt4236770,Drama
tt4301160,Drama
tt5691552,Drama
tt0903747,Drama
tt0068646,Drama
tt8009428,Drama
tt9639470,Drama
tt9783600,Drama
tt10298810,Drama
tt1520211,Drama
tt9263550,Drama
tt1877830,Drama
tt0413573,Drama
tt15017118,Drama
tt0460681,Drama
tt11138512,Drama
tt5071412,Drama
tt7772588,Drama
tt8421350,Drama
tt13111040,Drama
tt11280740,Drama
tt0141842,Drama
tt9411972,Drama
tt5574490,Drama
tt11214590,Drama
tt13994572,Drama
tt5348176,Drama
tt13833978,Drama
tt14043966,Drama
tt0364845,Drama
tt7939800,Drama
tt13841850,Drama
tt10986410,Drama
tt13991232,Drama
tt9561862,Drama
tt11324406,Drama
tt7131622,Drama
tt1586680,Drama
tt1998372,Drama
tt1442437,Drama
tt3107288,Drama
tt0203259,Drama
tt0452046,Drama
tt8772296,Drama
tt14549466,Drama
tt2306299,Drama
tt0436992,Drama
tt2741602,Drama
tt8178634,Drama
tt9851854,Drama
tt0306414,Drama
tt3006802,Drama
tt5834204,Drama
tt4179452,Drama
tt2085059,Drama
tt1632701,Drama
tt4052886,Drama
tt2356777,Drama
tt10886166,Drama
tt1844624,Drama
tt7660850,Drama
tt9288030,Drama
tt2701582,Drama
tt5555260,Drama
tt8783930,Drama
tt12004038,Drama
tt0411008,Drama
tt7657566,Drama
tt2560140,Drama
tt13249596,Drama
tt13352968,Drama
tt0118401,Drama
tt2017109,Drama
tt1160419,Drama
tt6468322,Drama
tt8740790,Drama
tt0412142,Drama
tt1606375,Drama
tt11703710,Drama
tt4574334,Fantasy
tt10648342,Fantasy
tt9419884,Fantasy
tt10857164,Fantasy
tt1312171,Fantasy
tt13406136,Fantasy
tt0944947,Fantasy
tt6710474,Fantasy
tt0460681,Fantasy
tt11138512,Fantasy
tt3501632,Fantasy
tt9288046,Fantasy
tt10872600,Fantasy
tt8111088,Fantasy
tt4123432,Fantasy
tt13841850,Fantasy
tt9561862,Fantasy
tt1447981,Fantasy
tt10234724,Fantasy
tt3006802,Fantasy
tt4052886,Fantasy
tt8783930,Fantasy
tt0411008,Fantasy
tt2560140,Fantasy
tt0800369,Fantasy
tt4513678,Fantasy
tt7908628,Fantasy
tt17736234,Fantasy
tt1405406,Fantasy
tt8103070,Fantasy
tt0458290,Fantasy
tt9032400,Fantasy
tt0388629,Fantasy
tt2274648,Fantasy
tt5180504,Fantasy
tt0076759,Fantasy
tt12412888,Fantasy
tt6264654,Fantasy
tt1981115,Fantasy
tt9140560,Fantasy
tt6741278,Fantasy
tt13861620,Fantasy
tt0118276,Fantasy
tt15090124,Fantasy
tt0241527,Fantasy
tt1043813,Fantasy
tt0052520,Fantasy
tt13361448,Fantasy
tt0120915,Fantasy
tt0499549,Fantasy
tt11126994,Fantasy
tt3322312,Fantasy
tt2953050,Fantasy
tt1211837,Fantasy
tt9140554,Fantasy
tt2527338,Fantasy
tt0325980,Fantasy
tt0107120,Fantasy
tt0120737,Fantasy
tt0319343,Fantasy
tt9335498,Fantasy
tt0844441,Fantasy
tt1538403,Fantasy
tt0121766,Fantasy
tt9376612,Fantasy
tt0086190,Fantasy
tt7462410,Fantasy
tt8097030,Fantasy
tt1386697,Fantasy
tt14614892,Fantasy
tt14190592,Fantasy
tt1843230,Fantasy
tt13146488,Fantasy
tt9900092,Fantasy
tt7349950,Fantasy
tt2699128,Fantasy
tt0417299,Fantasy
tt4955642,Fantasy
tt0094721,Fantasy
tt4123430,Fantasy
tt7658402,Fantasy
tt10574558,Fantasy
tt1655441,Fantasy
tt0121765,Fantasy
tt1567432,Fantasy
tt0320691,Fantasy
tt0158552,Fantasy
tt15339456,Fantasy
tt2930604,Fantasy
tt4574334,Horror
tt9419884,Horror
tt7144666,Horror
tt9639470,Horror
tt1520211,Horror
tt0460681,Horror
tt13560574,Horror
tt13841850,Horror
tt9561862,Horror
tt14549466,Horror
tt5108870,Horror
tt1844624,Horror
tt12004038,Horror
tt2560140,Horror
tt7908628,Horror
tt9055008,Horror
tt1405406,Horror
tt8103070,Horror
tt1396484,Horror
tt0884328,Horror
tt2274648,Horror
tt18815410,Horror
tt8772262,Horror
tt10954652,Horror
tt15090124,Horror
tt13315156,Horror
tt11245972,Horror
tt0144084,Horror
tt0052520,Horror
tt11041332,Horror
tt0107120,Horror
tt18968540,Horror
tt6920084,Horror
tt11394332,Horror
tt4530422,Horror
tt3743822,Horror
tt0081505,Horror
tt1538403,Horror
tt14245846,Horror
tt12879632,Horror
tt7349950,Horror
tt0084787,Horror
tt5052448,Horror
tt0078748,Horror
tt10574558,Horror
tt13403046,Horror
tt3416742,Horror
tt12306692,Horror
tt7784604,Horror
tt6763664,Horror
tt2632424,Horror
tt3099498,Horror
tt9813792,Horror
tt9660182,Horror
tt6566576,Horror
tt3007572,Horror
tt0408236,Horror
tt4263482,Horror
tt1865718,Horror
tt9701940,Horror
tt0120877,Horror
tt2243973,Horror
tt0360486,Horror
tt0087800,Horror
tt13872248,Horror
tt1922777,Horror
tt8332922,Horror
tt1830617,Horror
tt10342730,Horror
tt8050756,Horror
tt0089907,Horror
tt1457767,Horror
tt0093773,Horror
tt5109784,Horror
tt1798632,Horror
tt2798920,Horror
tt6857112,Horror
tt0117571,Horror
tt1831804,Horror
tt2345759,Horror
tt6644200,Horror
tt10589968,Horror
tt2316204,Horror
tt0077766,Horror
tt12735282,Horror
tt14169960,Horror
tt0099864,Horror
tt4574334,Mystery
tt0475784,Mystery
tt12851524,Mystery
tt10857164,Mystery
tt9639470,Mystery
tt1877830,Mystery
tt10954984,Mystery
tt0460681,Mystery
tt8421350,Mystery
tt11280740,Mystery
tt9411972,Mystery
tt13994572,Mystery
tt13833978,Mystery
tt0364845,Mystery
tt13640696,Mystery
tt21059520,Mystery
tt9561862,Mystery
tt11324406,Mystery
tt1998372,Mystery
tt0203259,Mystery
tt0452046,Mystery
tt2741602,Mystery
tt2085059,Mystery
tt1751634,Mystery
tt2356777,Mystery
tt11909878,Mystery
tt2701582,Mystery
tt0411008,Mystery
tt7657566,Mystery
tt0118401,Mystery
tt2017109,Mystery
tt6468322,Mystery
tt0412142,Mystery
tt0460627,Mystery
tt9055008,Mystery
tt13696452,Mystery
tt1405406,Mystery
tt1219024,Mystery
tt8103070,Mystery
tt5753856,Mystery
tt10720914,Mystery
tt0106179,Mystery
tt1595859,Mystery
tt5180504,Mystery
tt7569576,Mystery
tt8772262,Mystery
tt5420376,Mystery
tt1196946,Mystery
tt0098844,Mystery
tt10954652,Mystery
tt13315156,Mystery
tt10293938,Mystery
tt11245972,Mystery
tt10623646,Mystery
tt5537002,Mystery
tt2661044,Mystery
tt0052520,Mystery
tt1475582,Mystery
tt0773262,Mystery
tt1888075,Mystery
tt13361448,Mystery
tt0114369,Mystery
tt13706018,Mystery
tt0455275,Mystery
tt11041332,Mystery
tt11685912,Mystery
tt13729648,Mystery
tt3230854,Mystery
tt16343844,Mystery
tt3513500,Mystery
tt11794642,Mystery
tt2180339,Mystery
tt10919420,Mystery
tt7846844,Mystery
tt9170236,Mystery
tt0844441,Mystery
tt2953250,Mystery
tt1578873,Mystery
tt1489428,Mystery
tt5290382,Mystery
tt3640276,Mystery
tt1538403,Mystery
tt8946378,Mystery
tt0247082,Mystery
tt0050051,Mystery
tt0086765,Mystery
tt6048596,Mystery
tt0096684,Mystery
tt1856101,Mystery
tt14114802,Mystery
tt2193021,Mystery
tt0491738,Mystery
tt1796960,Mystery
tt14245846,Mystery
tt0078788,Mystery
tt12879632,Mystery
tt1466074,Mystery
tt2699128,Mystery
tt0417299,Mystery
tt18923048,Mystery
tt10648342,Romance
tt14016500,Romance
tt0413573,Romance
tt0108778,Romance
tt1442437,Romance
tt13320622,Romance
tt0898266,Romance
tt2306299,Romance
tt3006802,Romance
tt10886166,Romance
tt5555260,Romance
tt8783930,Romance
tt13249596,Romance
tt8740790,Romance
tt1606375,Romance
tt11703710,Romance
tt0460627,Romance
tt1405406,Romance
tt1219024,Romance
tt0460649,Romance
tt0108757,Romance
tt13449624,Romance
tt0368530,Romance
tt15521050,Romance
tt4181158,Romance
tt11000902,Romance
tt11192306,Romance
tt0362359,Romance
tt5420376,Romance
tt9140560,Romance
tt12545566,Romance
tt0120338,Romance
tt0369179,Romance
tt0109830,Romance
tt10293938,Romance
tt0118276,Romance
tt2322441,Romance
tt11271038,Romance
tt1826940,Romance
tt10839422,Romance
tt10638036,Romance
tt10370710,Romance
tt7335184,Romance
tt9077530,Romance
tt0159206,Romance
tt0415463,Romance
tt10223460,Romance
tt0319343,Romance
tt0844441,Romance
tt1578873,Romance
tt0119558,Romance
tt1538403,Romance
tt12439466,Romance
tt0265208,Romance
tt1843230,Romance
tt14586544,Romance
tt3581652,Romance
tt13456318,Romance
tt0088128,Romance
tt8847712,Romance
tt10166602,Romance
tt14036602,Romance
tt4955642,Romance
tt13659418,Romance
tt1442449,Romance
tt1655441,Romance
tt3774694,Romance
tt1567432,Romance
tt15218000,Romance
tt0096542,Romance
tt8685324,Romance
tt11311302,Romance
tt0077631,Romance
tt0410975,Romance
tt4126476,Romance
tt0309987,Romance
tt1099212,Romance
tt2660806,Romance
tt0071007,Romance
tt2229499,Romance
tt0061619,Romance
tt11997646,Romance
tt0397442,Romance
tt14301252,Romance
tt1981677,Romance
tt0093779,Romance
tt10293406,Romance
tt0414387,Romance
tt2080323,Romance
tt9059760,Romance
tt0332280,Romance
tt0117509,Romance
tt1343092,Romance
tt7053188,Romance
tt0061395,Romance
tt1548850,Romance
tt5726616,Romance
tt11364112,Romance
tt0089469,Romance
tt0213149,Romance
tt0056262,Romance
tt0112697,Romance
tt2580046,Romance
tt8962124,Romance
tt7588054,Romance
tt0101545,Romance
tt0080453,Romance
tt15290226,Romance
tt4770018,Romance
tt0165598,Romance
tt0384766,Romance
tt1193138,Romance
tt0034583,Romance
tt12996154,Romance
tt3104988,Romance
tt3281548,Romance
tt0119217,Romance
tt2278871,Romance
tt0147800,Romance
tt0099487,Romance
tt0203009,Romance
tt2194499,Romance
tt0338013,Romance
tt0086200,Romance
tt7820906,Romance
tt5900600,Romance
tt0098384,Romance
tt0103484,Romance
tt15215512,Romance
tt0976051,Romance
tt6398184,Romance
tt0314331,Romance
tt10362466,Romance
tt4016934,Romance
tt0362227,Romance
tt0213847,Romance
tt4081630,Romance
tt2177461,Romance
tt4465564,Romance
tt0050419,Romance
tt0098749,Romance
tt0475784,Sci-fi
tt8041270,Sci-fi
tt8466564,Sci-fi
tt12327578,Sci-fi
tt0116629,Sci-fi
tt10954984,Sci-fi
tt7772588,Sci-fi
tt8421350,Sci-fi
tt11280740,Sci-fi
tt13944138,Sci-fi
tt7939800,Sci-fi
tt14192428,Sci-fi
tt14549466,Sci-fi
tt0436992,Sci-fi
tt2085059,Sci-fi
tt0107290,Sci-fi
tt1844624,Sci-fi
tt1630029,Sci-fi
tt2934286,Sci-fi
tt10758074,Sci-fi
tt0884328,Sci-fi
tt1375666,Sci-fi
tt13668894,Sci-fi
tt0816692,Sci-fi
tt1628841,Sci-fi
tt7949218,Sci-fi
tt2661044,Sci-fi
tt0369610,Sci-fi
tt4881806,Sci-fi
tt6443346,Sci-fi
tt0060028,Sci-fi
tt0092455,Sci-fi
tt4154756,Sci-fi
tt3230854,Sci-fi
tt13829262,Sci-fi
tt0088763,Sci-fi
tt11286314,Sci-fi
tt5834426,Sci-fi
tt10838180,Sci-fi
tt3480822,Sci-fi
tt14866710,Sci-fi
tt4574334,Sci-fi
tt10648342,Sci-fi
tt1190634,Sci-fi
tt1312171,Sci-fi
tt5113044,Sci-fi
tt0475784,Sci-fi
tt9419884,Sci-fi
tt10857164,Sci-fi
tt8041270,Sci-fi
tt8466564,Sci-fi
tt12327578,Sci-fi
tt6710474,Sci-fi
tt5691552,Sci-fi
tt9783600,Sci-fi
tt10298810,Sci-fi
tt0116629,Sci-fi
tt9263550,Sci-fi
tt7772588,Sci-fi
tt8421350,Sci-fi
tt13944138,Sci-fi
tt11280740,Sci-fi
tt3501632,Sci-fi
tt7939800,Sci-fi
tt10872600,Sci-fi
tt8111088,Sci-fi
tt9561862,Sci-fi
tt3107288,Sci-fi
tt14549466,Sci-fi
tt14192428,Sci-fi
tt5108870,Sci-fi
tt0436992,Sci-fi
tt2085059,Sci-fi
tt0107290,Sci-fi
tt1844624,Sci-fi
tt8783930,Sci-fi
tt0411008,Sci-fi
tt2293640,Sci-fi
tt2934286,Sci-fi
tt1160419,Sci-fi
tt4513678,Sci-fi
tt4154796,Sci-fi
tt2861424,Sci-fi
tt10758074,Sci-fi
tt5753856,Sci-fi
tt0458290,Sci-fi
tt0106179,Sci-fi
tt9032400,Sci-fi
tt4574334,Thriller
tt5645432,Thriller
tt11743610,Thriller
tt12851524,Thriller
tt7144666,Thriller
tt8041270,Thriller
tt13406136,Thriller
tt11671006,Thriller
tt4301160,Thriller
tt0903747,Thriller
tt9783600,Thriller
tt1520211,Thriller
tt9639470,Thriller
tt15017118,Thriller
tt0460681,Thriller
tt11138512,Thriller
tt5071412,Thriller
tt8421350,Thriller
tt11280740,Thriller
tt9411972,Thriller
tt11291274,Thriller
tt13833978,Thriller
tt14043966,Thriller
tt0364845,Thriller
tt13560574,Thriller
tt7939800,Thriller
tt9561862,Thriller
tt11324406,Thriller
tt1998372,Thriller
tt0203259,Thriller
tt0452046,Thriller
tt2382320,Thriller
tt5108870,Thriller
tt1649418,Thriller
tt2741602,Thriller
tt0306414,Thriller
tt5834204,Thriller
tt2356777,Thriller
tt0107290,Thriller
tt1844624,Thriller
tt9288030,Thriller
tt12004038,Thriller
tt0411008,Thriller
tt2934286,Thriller
tt2017109,Thriller
tt6468322,Thriller
tt0073195,Thriller
tt9055008,Thriller
tt13696452,Thriller
tt15690300,Thriller
tt1405406,Thriller
tt5753856,Thriller
tt2802850,Thriller
tt10720914,Thriller
tt0106179,Thriller
tt0884328,Thriller
tt1595859,Thriller
tt2231253,Thriller
tt4998632,Thriller
tt0100157,Thriller
tt1124373,Thriller
tt1790885,Thriller
tt7569576,Thriller
tt1375666,Thriller
tt0468569,Thriller
tt8772262,Thriller
tt0134119,Thriller
tt1196946,Thriller
tt0098844,Thriller
tt10954652,Thriller
tt6741278,Thriller
tt10293938,Thriller
tt11245972,Thriller
tt9179430,Thriller
tt2322441,Thriller
tt12748084,Thriller
tt7698468,Thriller
tt5057054,Thriller
tt14174940,Thriller
tt0052520,Thriller
tt1475582,Thriller
tt1888075,Thriller
tt0114369,Thriller
tt0083190,Thriller
tt4158110,Thriller
tt10323676,Thriller
tt13706018,Thriller
tt3322312,Thriller
tt0455275,Thriller
tt11827628,Thriller
tt15004136,Thriller
tt2805096,Thriller
